tlp_id,seq_num,payload_bytes,tlp_bytes,rc_delay_ns,link_delay_ns,endpoint_delay_ns,replay_delay_ns,total_link_latency_ns
1,1,64,80,20.0,150.0,50.0,0.0,220.0
2,2,64,80,20.0,150.0,50.0,0.0,220.0
3,3,64,80,20.0,150.0,50.0,0.0,220.0
4,4,64,80,20.0,150.0,50.0,0.0,220.0
5,5,64,80,20.0,150.0,50.0,0.0,220.0
6,6,64,80,20.0,150.0,50.0,0.0,220.0
7,7,64,80,20.0,150.0,50.0,0.0,220.0
8,8,64,80,20.0,150.0,50.0,0.0,220.0
9,9,64,80,20.0,150.0,50.0,0.0,220.0
10,10,64,80,20.0,150.0,50.0,0.0,220.0
11,11,64,80,20.0,150.0,50.0,0.0,220.0
12,12,64,80,20.0,150.0,50.0,0.0,220.0
13,13,64,80,20.0,150.0,50.0,0.0,220.0
14,14,64,80,20.0,150.0,50.0,0.0,220.0
15,15,64,80,20.0,150.0,50.0,0.0,220.0
16,16,64,80,20.0,150.0,50.0,0.0,220.0
17,17,4,20,20.0,150.0,50.0,0.0,220.0
18,18,4,20,20.0,150.0,50.0,0.0,220.0
19,19,4,20,20.0,150.0,50.0,0.0,220.0
20,20,4,20,20.0,150.0,50.0,0.0,220.0
21,21,4,20,20.0,150.0,50.0,0.0,220.0
22,22,4,20,20.0,150.0,50.0,0.0,220.0
23,23,4,20,20.0,150.0,50.0,0.0,220.0
24,24,4,20,20.0,150.0,50.0,0.0,220.0
25,25,4,20,20.0,150.0,50.0,0.0,220.0
26,26,4,20,20.0,150.0,50.0,0.0,220.0
27,27,4,20,20.0,150.0,50.0,0.0,220.0
28,28,4,20,20.0,150.0,50.0,0.0,220.0
29,29,4,20,20.0,150.0,50.0,0.0,220.0
30,30,4,20,20.0,150.0,50.0,0.0,220.0
31,31,4,20,20.0,150.0,50.0,0.0,220.0
32,32,4,20,20.0,150.0,50.0,0.0,220.0
33,33,4,20,20.0,150.0,50.0,0.0,220.0
34,34,4,20,20.0,150.0,50.0,0.0,220.0
35,35,4,20,20.0,150.0,50.0,0.0,220.0
36,36,4,20,20.0,150.0,50.0,0.0,220.0
37,37,4,20,20.0,150.0,50.0,0.0,220.0
38,38,4,20,20.0,150.0,50.0,0.0,220.0
39,39,4,20,20.0,150.0,50.0,0.0,220.0
40,40,4,20,20.0,150.0,50.0,0.0,220.0
41,41,4,20,20.0,150.0,50.0,0.0,220.0
42,42,4,20,20.0,150.0,50.0,0.0,220.0
43,43,4,20,20.0,150.0,50.0,0.0,220.0
44,44,4,20,20.0,150.0,50.0,0.0,220.0
45,45,4,20,20.0,150.0,50.0,0.0,220.0
46,46,4,20,20.0,150.0,50.0,0.0,220.0
47,47,4,20,20.0,150.0,50.0,0.0,220.0
48,48,4,20,20.0,150.0,50.0,0.0,220.0
49,49,4,20,20.0,150.0,50.0,0.0,220.0
50,50,4,20,20.0,150.0,50.0,0.0,220.0
51,51,4,20,20.0,150.0,50.0,0.0,220.0
52,52,4,20,20.0,150.0,50.0,0.0,220.0
53,53,4,20,20.0,150.0,50.0,0.0,220.0
54,54,4,20,20.0,150.0,50.0,0.0,220.0
55,55,4,20,20.0,150.0,50.0,0.0,220.0
56,56,4,20,20.0,150.0,50.0,0.0,220.0
57,57,4,20,20.0,150.0,50.0,0.0,220.0
58,58,4,20,20.0,150.0,50.0,0.0,220.0
59,59,4,20,20.0,150.0,50.0,0.0,220.0
60,60,4,20,20.0,150.0,50.0,0.0,220.0
61,61,4,20,20.0,150.0,50.0,0.0,220.0
62,62,4,20,20.0,150.0,50.0,0.0,220.0
63,63,4,20,20.0,150.0,50.0,0.0,220.0
64,64,4,20,20.0,150.0,50.0,0.0,220.0
65,65,4,20,20.0,150.0,50.0,0.0,220.0
66,66,4,20,20.0,150.0,50.0,0.0,220.0
67,67,4,20,20.0,150.0,50.0,0.0,220.0
68,68,4,20,20.0,150.0,50.0,0.0,220.0
69,69,4,20,20.0,150.0,50.0,0.0,220.0
70,70,4,20,20.0,150.0,50.0,0.0,220.0
71,71,4,20,20.0,150.0,50.0,0.0,220.0
72,72,4,20,20.0,150.0,50.0,0.0,220.0
73,73,4,20,20.0,150.0,50.0,0.0,220.0
74,74,4,20,20.0,150.0,50.0,0.0,220.0
75,75,4,20,20.0,150.0,50.0,0.0,220.0
76,76,4,20,20.0,150.0,50.0,0.0,220.0
77,77,4,20,20.0,150.0,50.0,0.0,220.0
78,78,4,20,20.0,150.0,50.0,0.0,220.0
79,79,4,20,20.0,150.0,50.0,0.0,220.0
80,80,4,20,20.0,150.0,50.0,0.0,220.0
81,81,4,20,20.0,150.0,50.0,0.0,220.0
82,82,4,20,20.0,150.0,50.0,0.0,220.0
83,83,4,20,20.0,150.0,50.0,0.0,220.0
84,84,4,20,20.0,150.0,50.0,0.0,220.0
85,85,4,20,20.0,150.0,50.0,0.0,220.0
86,86,4,20,20.0,150.0,50.0,0.0,220.0
87,87,4,20,20.0,150.0,50.0,0.0,220.0
88,88,4,20,20.0,150.0,50.0,0.0,220.0
89,89,4,20,20.0,150.0,50.0,0.0,220.0
90,90,4,20,20.0,150.0,50.0,0.0,220.0
91,91,4,20,20.0,150.0,50.0,0.0,220.0
92,92,4,20,20.0,150.0,50.0,0.0,220.0
93,93,4,20,20.0,150.0,50.0,0.0,220.0
94,94,4,20,20.0,150.0,50.0,0.0,220.0
95,95,4,20,20.0,150.0,50.0,0.0,220.0
96,96,4,20,20.0,150.0,50.0,0.0,220.0
97,97,4,20,20.0,150.0,50.0,0.0,220.0
98,98,4,20,20.0,150.0,50.0,0.0,220.0
99,99,4,20,20.0,150.0,50.0,0.0,220.0
100,100,4,20,20.0,150.0,50.0,0.0,220.0
101,101,4,20,20.0,150.0,50.0,0.0,220.0
102,102,4,20,20.0,150.0,50.0,0.0,220.0
103,103,4,20,20.0,150.0,50.0,0.0,220.0
104,104,4,20,20.0,150.0,50.0,0.0,220.0
105,105,4,20,20.0,150.0,50.0,0.0,220.0
106,106,4,20,20.0,150.0,50.0,0.0,220.0
107,107,4,20,20.0,150.0,50.0,0.0,220.0
108,108,4,20,20.0,150.0,50.0,0.0,220.0
109,109,4,20,20.0,150.0,50.0,0.0,220.0
110,110,4,20,20.0,150.0,50.0,0.0,220.0
111,111,4,20,20.0,150.0,50.0,0.0,220.0
112,112,4,20,20.0,150.0,50.0,0.0,220.0
113,113,4,20,20.0,150.0,50.0,0.0,220.0
114,114,4,20,20.0,150.0,50.0,0.0,220.0
115,115,4,20,20.0,150.0,50.0,0.0,220.0
116,116,4,20,20.0,150.0,50.0,0.0,220.0
117,117,4,20,20.0,150.0,50.0,0.0,220.0
118,118,4,20,20.0,150.0,50.0,0.0,220.0
119,119,4,20,20.0,150.0,50.0,0.0,220.0
120,120,4,20,20.0,150.0,50.0,0.0,220.0
121,121,4,20,20.0,150.0,50.0,0.0,220.0
122,122,4,20,20.0,150.0,50.0,0.0,220.0
123,123,4,20,20.0,150.0,50.0,0.0,220.0
124,124,4,20,20.0,150.0,50.0,0.0,220.0
125,125,4,20,20.0,150.0,50.0,0.0,220.0
126,126,4,20,20.0,150.0,50.0,0.0,220.0
127,127,4,20,20.0,150.0,50.0,0.0,220.0
128,128,4,20,20.0,150.0,50.0,0.0,220.0
129,129,4,20,20.0,150.0,50.0,0.0,220.0
130,130,4,20,20.0,150.0,50.0,0.0,220.0
131,131,4,20,20.0,150.0,50.0,0.0,220.0
132,132,4,20,20.0,150.0,50.0,0.0,220.0
133,133,4,20,20.0,150.0,50.0,0.0,220.0
134,134,4,20,20.0,150.0,50.0,0.0,220.0
135,135,4,20,20.0,150.0,50.0,0.0,220.0
136,136,4,20,20.0,150.0,50.0,0.0,220.0
137,137,4,20,20.0,150.0,50.0,0.0,220.0
138,138,4,20,20.0,150.0,50.0,0.0,220.0
139,139,4,20,20.0,150.0,50.0,0.0,220.0
140,140,4,20,20.0,150.0,50.0,0.0,220.0
141,141,4,20,20.0,150.0,50.0,0.0,220.0
142,142,4,20,20.0,150.0,50.0,0.0,220.0
143,143,4,20,20.0,150.0,50.0,0.0,220.0
144,144,4,20,20.0,150.0,50.0,0.0,220.0
145,145,4,20,20.0,150.0,50.0,0.0,220.0
146,146,4,20,20.0,150.0,50.0,0.0,220.0
147,147,4,20,20.0,150.0,50.0,0.0,220.0
148,148,4,20,20.0,150.0,50.0,0.0,220.0
149,149,4,20,20.0,150.0,50.0,0.0,220.0
150,150,4,20,20.0,150.0,50.0,0.0,220.0
151,151,4,20,20.0,150.0,50.0,0.0,220.0
152,152,4,20,20.0,150.0,50.0,0.0,220.0
153,153,4,20,20.0,150.0,50.0,0.0,220.0
154,154,4,20,20.0,150.0,50.0,0.0,220.0
155,155,4,20,20.0,150.0,50.0,0.0,220.0
156,156,4,20,20.0,150.0,50.0,0.0,220.0
157,157,4,20,20.0,150.0,50.0,0.0,220.0
158,158,4,20,20.0,150.0,50.0,0.0,220.0
159,159,4,20,20.0,150.0,50.0,0.0,220.0
160,160,4,20,20.0,150.0,50.0,0.0,220.0
161,161,4,20,20.0,150.0,50.0,0.0,220.0
162,162,4,20,20.0,150.0,50.0,0.0,220.0
163,163,4,20,20.0,150.0,50.0,0.0,220.0
164,164,4,20,20.0,150.0,50.0,0.0,220.0
165,165,4,20,20.0,150.0,50.0,0.0,220.0
166,166,4,20,20.0,150.0,50.0,0.0,220.0
167,167,4,20,20.0,150.0,50.0,0.0,220.0
168,168,4,20,20.0,150.0,50.0,0.0,220.0
169,169,4,20,20.0,150.0,50.0,0.0,220.0
170,170,4,20,20.0,150.0,50.0,0.0,220.0
171,171,4,20,20.0,150.0,50.0,0.0,220.0
172,172,4,20,20.0,150.0,50.0,0.0,220.0
173,173,4,20,20.0,150.0,50.0,0.0,220.0
174,174,4,20,20.0,150.0,50.0,0.0,220.0
175,175,4,20,20.0,150.0,50.0,0.0,220.0
176,176,4,20,20.0,150.0,50.0,0.0,220.0
177,177,4,20,20.0,150.0,50.0,0.0,220.0
178,178,4,20,20.0,150.0,50.0,0.0,220.0
179,179,4,20,20.0,150.0,50.0,0.0,220.0
180,180,4,20,20.0,150.0,50.0,0.0,220.0
181,181,4,20,20.0,150.0,50.0,0.0,220.0
182,182,4,20,20.0,150.0,50.0,0.0,220.0
183,183,4,20,20.0,150.0,50.0,0.0,220.0
184,184,4,20,20.0,150.0,50.0,0.0,220.0
185,185,4,20,20.0,150.0,50.0,0.0,220.0
186,186,4,20,20.0,150.0,50.0,0.0,220.0
187,187,4,20,20.0,150.0,50.0,0.0,220.0
188,188,4,20,20.0,150.0,50.0,0.0,220.0
189,189,4,20,20.0,150.0,50.0,0.0,220.0
190,190,4,20,20.0,150.0,50.0,0.0,220.0
191,191,4,20,20.0,150.0,50.0,0.0,220.0
192,192,4,20,20.0,150.0,50.0,0.0,220.0
193,193,4,20,20.0,150.0,50.0,0.0,220.0
194,194,4,20,20.0,150.0,50.0,0.0,220.0
195,195,4,20,20.0,150.0,50.0,0.0,220.0
196,196,4,20,20.0,150.0,50.0,0.0,220.0
197,197,4,20,20.0,150.0,50.0,0.0,220.0
198,198,4,20,20.0,150.0,50.0,0.0,220.0
199,199,4,20,20.0,150.0,50.0,0.0,220.0
200,200,4,20,20.0,150.0,50.0,0.0,220.0
201,201,4,20,20.0,150.0,50.0,0.0,220.0
202,202,4,20,20.0,150.0,50.0,0.0,220.0
203,203,4,20,20.0,150.0,50.0,0.0,220.0
204,204,4,20,20.0,150.0,50.0,0.0,220.0
205,205,4,20,20.0,150.0,50.0,0.0,220.0
206,206,4,20,20.0,150.0,50.0,0.0,220.0
207,207,4,20,20.0,150.0,50.0,0.0,220.0
208,208,4,20,20.0,150.0,50.0,0.0,220.0
209,209,4,20,20.0,150.0,50.0,0.0,220.0
210,210,4,20,20.0,150.0,50.0,0.0,220.0
211,211,4,20,20.0,150.0,50.0,0.0,220.0
212,212,4,20,20.0,150.0,50.0,0.0,220.0
213,213,4,20,20.0,150.0,50.0,0.0,220.0
214,214,4,20,20.0,150.0,50.0,0.0,220.0
215,215,4,20,20.0,150.0,50.0,0.0,220.0
216,216,4,20,20.0,150.0,50.0,0.0,220.0
217,217,4,20,20.0,150.0,50.0,0.0,220.0
218,218,4,20,20.0,150.0,50.0,0.0,220.0
219,219,4,20,20.0,150.0,50.0,0.0,220.0
220,220,4,20,20.0,150.0,50.0,0.0,220.0
221,221,4,20,20.0,150.0,50.0,0.0,220.0
222,222,4,20,20.0,150.0,50.0,0.0,220.0
223,223,4,20,20.0,150.0,50.0,0.0,220.0
224,224,4,20,20.0,150.0,50.0,0.0,220.0
225,225,4,20,20.0,150.0,50.0,0.0,220.0
226,226,4,20,20.0,150.0,50.0,0.0,220.0
227,227,4,20,20.0,150.0,50.0,0.0,220.0
228,228,4,20,20.0,150.0,50.0,0.0,220.0
229,229,4,20,20.0,150.0,50.0,0.0,220.0
230,230,4,20,20.0,150.0,50.0,0.0,220.0
231,231,4,20,20.0,150.0,50.0,0.0,220.0
232,232,4,20,20.0,150.0,50.0,0.0,220.0
233,233,4,20,20.0,150.0,50.0,0.0,220.0
234,234,4,20,20.0,150.0,50.0,0.0,220.0
235,235,4,20,20.0,150.0,50.0,0.0,220.0
236,236,4,20,20.0,150.0,50.0,0.0,220.0
237,237,4,20,20.0,150.0,50.0,0.0,220.0
238,238,4,20,20.0,150.0,50.0,0.0,220.0
239,239,4,20,20.0,150.0,50.0,0.0,220.0
240,240,4,20,20.0,150.0,50.0,0.0,220.0
241,241,4,20,20.0,150.0,50.0,0.0,220.0
242,242,4,20,20.0,150.0,50.0,0.0,220.0
243,243,4,20,20.0,150.0,50.0,0.0,220.0
244,244,4,20,20.0,150.0,50.0,0.0,220.0
245,245,4,20,20.0,150.0,50.0,0.0,220.0
246,246,4,20,20.0,150.0,50.0,0.0,220.0
247,247,4,20,20.0,150.0,50.0,0.0,220.0
248,248,4,20,20.0,150.0,50.0,0.0,220.0
249,249,4,20,20.0,150.0,50.0,0.0,220.0
250,250,4,20,20.0,150.0,50.0,0.0,220.0
251,251,4,20,20.0,150.0,50.0,0.0,220.0
252,252,4,20,20.0,150.0,50.0,0.0,220.0
253,253,4,20,20.0,150.0,50.0,0.0,220.0
254,254,4,20,20.0,150.0,50.0,0.0,220.0
255,255,4,20,20.0,150.0,50.0,0.0,220.0
256,256,4,20,20.0,150.0,50.0,0.0,220.0
257,257,4,20,20.0,150.0,50.0,0.0,220.0
258,258,4,20,20.0,150.0,50.0,0.0,220.0
259,259,4,20,20.0,150.0,50.0,0.0,220.0
260,260,4,20,20.0,150.0,50.0,0.0,220.0
261,261,4,20,20.0,150.0,50.0,0.0,220.0
262,262,4,20,20.0,150.0,50.0,0.0,220.0
263,263,4,20,20.0,150.0,50.0,0.0,220.0
264,264,4,20,20.0,150.0,50.0,0.0,220.0
265,265,4,20,20.0,150.0,50.0,0.0,220.0
266,266,4,20,20.0,150.0,50.0,0.0,220.0
267,267,4,20,20.0,150.0,50.0,0.0,220.0
268,268,4,20,20.0,150.0,50.0,0.0,220.0
269,269,4,20,20.0,150.0,50.0,0.0,220.0
270,270,4,20,20.0,150.0,50.0,0.0,220.0
271,271,4,20,20.0,150.0,50.0,0.0,220.0
272,272,4,20,20.0,150.0,50.0,0.0,220.0
273,273,4,20,20.0,150.0,50.0,0.0,220.0
274,274,4,20,20.0,150.0,50.0,0.0,220.0
275,275,4,20,20.0,150.0,50.0,0.0,220.0
276,276,4,20,20.0,150.0,50.0,0.0,220.0
277,277,4,20,20.0,150.0,50.0,0.0,220.0
278,278,4,20,20.0,150.0,50.0,0.0,220.0
279,279,4,20,20.0,150.0,50.0,0.0,220.0
280,280,4,20,20.0,150.0,50.0,0.0,220.0
281,281,4,20,20.0,150.0,50.0,0.0,220.0
282,282,4,20,20.0,150.0,50.0,0.0,220.0
283,283,4,20,20.0,150.0,50.0,0.0,220.0
284,284,4,20,20.0,150.0,50.0,0.0,220.0
285,285,4,20,20.0,150.0,50.0,0.0,220.0
286,286,4,20,20.0,150.0,50.0,0.0,220.0
287,287,4,20,20.0,150.0,50.0,0.0,220.0
288,288,4,20,20.0,150.0,50.0,0.0,220.0
289,289,4,20,20.0,150.0,50.0,0.0,220.0
290,290,4,20,20.0,150.0,50.0,0.0,220.0
291,291,4,20,20.0,150.0,50.0,0.0,220.0
292,292,4,20,20.0,150.0,50.0,0.0,220.0
293,293,4,20,20.0,150.0,50.0,0.0,220.0
294,294,4,20,20.0,150.0,50.0,0.0,220.0
295,295,4,20,20.0,150.0,50.0,0.0,220.0
296,296,4,20,20.0,150.0,50.0,0.0,220.0
297,297,4,20,20.0,150.0,50.0,0.0,220.0
298,298,4,20,20.0,150.0,50.0,0.0,220.0
299,299,4,20,20.0,150.0,50.0,0.0,220.0
300,300,4,20,20.0,150.0,50.0,0.0,220.0
301,301,4,20,20.0,150.0,50.0,0.0,220.0
302,302,4,20,20.0,150.0,50.0,0.0,220.0
303,303,4,20,20.0,150.0,50.0,0.0,220.0
304,304,4,20,20.0,150.0,50.0,0.0,220.0
305,305,4,20,20.0,150.0,50.0,0.0,220.0
306,306,4,20,20.0,150.0,50.0,0.0,220.0
307,307,4,20,20.0,150.0,50.0,0.0,220.0
308,308,4,20,20.0,150.0,50.0,0.0,220.0
309,309,4,20,20.0,150.0,50.0,0.0,220.0
310,310,4,20,20.0,150.0,50.0,0.0,220.0
311,311,4,20,20.0,150.0,50.0,0.0,220.0
312,312,4,20,20.0,150.0,50.0,0.0,220.0
313,313,4,20,20.0,150.0,50.0,0.0,220.0
314,314,4,20,20.0,150.0,50.0,0.0,220.0
315,315,4,20,20.0,150.0,50.0,0.0,220.0
316,316,4,20,20.0,150.0,50.0,0.0,220.0
317,317,4,20,20.0,150.0,50.0,0.0,220.0
318,318,4,20,20.0,150.0,50.0,0.0,220.0
319,319,4,20,20.0,150.0,50.0,0.0,220.0
320,320,4,20,20.0,150.0,50.0,0.0,220.0
321,321,4,20,20.0,150.0,50.0,0.0,220.0
322,322,4,20,20.0,150.0,50.0,0.0,220.0
323,323,4,20,20.0,150.0,50.0,0.0,220.0
324,324,4,20,20.0,150.0,50.0,0.0,220.0
325,325,4,20,20.0,150.0,50.0,0.0,220.0
326,326,4,20,20.0,150.0,50.0,0.0,220.0
327,327,4,20,20.0,150.0,50.0,0.0,220.0
328,328,4,20,20.0,150.0,50.0,0.0,220.0
329,329,4,20,20.0,150.0,50.0,0.0,220.0
330,330,4,20,20.0,150.0,50.0,0.0,220.0
331,331,4,20,20.0,150.0,50.0,0.0,220.0
332,332,4,20,20.0,150.0,50.0,0.0,220.0
333,333,4,20,20.0,150.0,50.0,0.0,220.0
334,334,4,20,20.0,150.0,50.0,0.0,220.0
335,335,4,20,20.0,150.0,50.0,0.0,220.0
336,336,4,20,20.0,150.0,50.0,0.0,220.0
337,337,4,20,20.0,150.0,50.0,0.0,220.0
338,338,4,20,20.0,150.0,50.0,0.0,220.0
339,339,4,20,20.0,150.0,50.0,0.0,220.0
340,340,4,20,20.0,150.0,50.0,0.0,220.0
341,341,4,20,20.0,150.0,50.0,0.0,220.0
342,342,4,20,20.0,150.0,50.0,0.0,220.0
343,343,4,20,20.0,150.0,50.0,0.0,220.0
344,344,4,20,20.0,150.0,50.0,0.0,220.0
345,345,4,20,20.0,150.0,50.0,0.0,220.0
346,346,4,20,20.0,150.0,50.0,0.0,220.0
347,347,4,20,20.0,150.0,50.0,0.0,220.0
348,348,4,20,20.0,150.0,50.0,0.0,220.0
349,349,4,20,20.0,150.0,50.0,0.0,220.0
350,350,4,20,20.0,150.0,50.0,0.0,220.0
351,351,4,20,20.0,150.0,50.0,0.0,220.0
352,352,4,20,20.0,150.0,50.0,0.0,220.0
353,353,4,20,20.0,150.0,50.0,0.0,220.0
354,354,4,20,20.0,150.0,50.0,0.0,220.0
355,355,4,20,20.0,150.0,50.0,0.0,220.0
356,356,4,20,20.0,150.0,50.0,0.0,220.0
357,357,4,20,20.0,150.0,50.0,0.0,220.0
358,358,4,20,20.0,150.0,50.0,0.0,220.0
359,359,4,20,20.0,150.0,50.0,0.0,220.0
360,360,4,20,20.0,150.0,50.0,0.0,220.0
361,361,4,20,20.0,150.0,50.0,0.0,220.0
362,362,4,20,20.0,150.0,50.0,0.0,220.0
363,363,4,20,20.0,150.0,50.0,0.0,220.0
364,364,4,20,20.0,150.0,50.0,0.0,220.0
365,365,4,20,20.0,150.0,50.0,0.0,220.0
366,366,4,20,20.0,150.0,50.0,0.0,220.0
367,367,4,20,20.0,150.0,50.0,0.0,220.0
368,368,4,20,20.0,150.0,50.0,0.0,220.0
369,369,4,20,20.0,150.0,50.0,0.0,220.0
370,370,4,20,20.0,150.0,50.0,0.0,220.0
371,371,4,20,20.0,150.0,50.0,0.0,220.0
372,372,4,20,20.0,150.0,50.0,0.0,220.0
373,373,4,20,20.0,150.0,50.0,0.0,220.0
374,374,4,20,20.0,150.0,50.0,0.0,220.0
375,375,4,20,20.0,150.0,50.0,0.0,220.0
376,376,4,20,20.0,150.0,50.0,0.0,220.0
377,377,4,20,20.0,150.0,50.0,0.0,220.0
378,378,4,20,20.0,150.0,50.0,0.0,220.0
379,379,4,20,20.0,150.0,50.0,0.0,220.0
380,380,4,20,20.0,150.0,50.0,0.0,220.0
381,381,4,20,20.0,150.0,50.0,0.0,220.0
382,382,4,20,20.0,150.0,50.0,0.0,220.0
383,383,4,20,20.0,150.0,50.0,0.0,220.0
384,384,4,20,20.0,150.0,50.0,0.0,220.0
385,385,4,20,20.0,150.0,50.0,0.0,220.0
386,386,4,20,20.0,150.0,50.0,0.0,220.0
387,387,4,20,20.0,150.0,50.0,0.0,220.0
388,388,4,20,20.0,150.0,50.0,0.0,220.0
389,389,4,20,20.0,150.0,50.0,0.0,220.0
390,390,4,20,20.0,150.0,50.0,0.0,220.0
391,391,4,20,20.0,150.0,50.0,0.0,220.0
392,392,4,20,20.0,150.0,50.0,0.0,220.0
393,393,4,20,20.0,150.0,50.0,0.0,220.0
394,394,4,20,20.0,150.0,50.0,0.0,220.0
395,395,4,20,20.0,150.0,50.0,0.0,220.0
396,396,4,20,20.0,150.0,50.0,0.0,220.0
397,397,4,20,20.0,150.0,50.0,0.0,220.0
398,398,4,20,20.0,150.0,50.0,0.0,220.0
399,399,4,20,20.0,150.0,50.0,0.0,220.0
400,400,4,20,20.0,150.0,50.0,0.0,220.0
401,401,4,20,20.0,150.0,50.0,0.0,220.0
402,402,4,20,20.0,150.0,50.0,0.0,220.0
403,403,4,20,20.0,150.0,50.0,0.0,220.0
404,404,4,20,20.0,150.0,50.0,0.0,220.0
405,405,4,20,20.0,150.0,50.0,0.0,220.0
406,406,4,20,20.0,150.0,50.0,0.0,220.0
407,407,4,20,20.0,150.0,50.0,0.0,220.0
408,408,4,20,20.0,150.0,50.0,0.0,220.0
409,409,4,20,20.0,150.0,50.0,0.0,220.0
410,410,4,20,20.0,150.0,50.0,0.0,220.0
411,411,4,20,20.0,150.0,50.0,0.0,220.0
412,412,4,20,20.0,150.0,50.0,0.0,220.0
413,413,4,20,20.0,150.0,50.0,0.0,220.0
414,414,4,20,20.0,150.0,50.0,0.0,220.0
415,415,4,20,20.0,150.0,50.0,0.0,220.0
416,416,4,20,20.0,150.0,50.0,0.0,220.0
417,417,4,20,20.0,150.0,50.0,0.0,220.0
418,418,4,20,20.0,150.0,50.0,0.0,220.0
419,419,4,20,20.0,150.0,50.0,0.0,220.0
420,420,4,20,20.0,150.0,50.0,0.0,220.0
421,421,4,20,20.0,150.0,50.0,0.0,220.0
422,422,4,20,20.0,150.0,50.0,0.0,220.0
423,423,4,20,20.0,150.0,50.0,0.0,220.0
424,424,4,20,20.0,150.0,50.0,0.0,220.0
425,425,4,20,20.0,150.0,50.0,0.0,220.0
426,426,4,20,20.0,150.0,50.0,0.0,220.0
427,427,4,20,20.0,150.0,50.0,0.0,220.0
428,428,4,20,20.0,150.0,50.0,0.0,220.0
429,429,4,20,20.0,150.0,50.0,0.0,220.0
430,430,4,20,20.0,150.0,50.0,0.0,220.0
431,431,4,20,20.0,150.0,50.0,0.0,220.0
432,432,4,20,20.0,150.0,50.0,0.0,220.0
433,433,4,20,20.0,150.0,50.0,0.0,220.0
434,434,4,20,20.0,150.0,50.0,0.0,220.0
435,435,4,20,20.0,150.0,50.0,0.0,220.0
436,436,4,20,20.0,150.0,50.0,0.0,220.0
437,437,4,20,20.0,150.0,50.0,0.0,220.0
438,438,4,20,20.0,150.0,50.0,0.0,220.0
439,439,4,20,20.0,150.0,50.0,0.0,220.0
440,440,4,20,20.0,150.0,50.0,0.0,220.0
441,441,4,20,20.0,150.0,50.0,0.0,220.0
442,442,4,20,20.0,150.0,50.0,0.0,220.0
443,443,4,20,20.0,150.0,50.0,0.0,220.0
444,444,4,20,20.0,150.0,50.0,0.0,220.0
445,445,4,20,20.0,150.0,50.0,0.0,220.0
446,446,4,20,20.0,150.0,50.0,0.0,220.0
447,447,4,20,20.0,150.0,50.0,0.0,220.0
448,448,4,20,20.0,150.0,50.0,0.0,220.0
449,449,4,20,20.0,150.0,50.0,0.0,220.0
450,450,4,20,20.0,150.0,50.0,0.0,220.0
451,451,4,20,20.0,150.0,50.0,0.0,220.0
452,452,4,20,20.0,150.0,50.0,0.0,220.0
453,453,4,20,20.0,150.0,50.0,0.0,220.0
454,454,4,20,20.0,150.0,50.0,0.0,220.0
455,455,4,20,20.0,150.0,50.0,0.0,220.0
456,456,4,20,20.0,150.0,50.0,0.0,220.0
457,457,4,20,20.0,150.0,50.0,0.0,220.0
458,458,4,20,20.0,150.0,50.0,0.0,220.0
459,459,4,20,20.0,150.0,50.0,0.0,220.0
460,460,4,20,20.0,150.0,50.0,0.0,220.0
461,461,4,20,20.0,150.0,50.0,0.0,220.0
462,462,4,20,20.0,150.0,50.0,0.0,220.0
463,463,4,20,20.0,150.0,50.0,0.0,220.0
464,464,4,20,20.0,150.0,50.0,0.0,220.0
465,465,4,20,20.0,150.0,50.0,0.0,220.0
466,466,4,20,20.0,150.0,50.0,0.0,220.0
467,467,4,20,20.0,150.0,50.0,0.0,220.0
468,468,4,20,20.0,150.0,50.0,0.0,220.0
469,469,4,20,20.0,150.0,50.0,0.0,220.0
470,470,4,20,20.0,150.0,50.0,0.0,220.0
471,471,4,20,20.0,150.0,50.0,0.0,220.0
472,472,4,20,20.0,150.0,50.0,0.0,220.0
473,473,4,20,20.0,150.0,50.0,0.0,220.0
474,474,4,20,20.0,150.0,50.0,0.0,220.0
475,475,4,20,20.0,150.0,50.0,0.0,220.0
476,476,4,20,20.0,150.0,50.0,0.0,220.0
477,477,4,20,20.0,150.0,50.0,0.0,220.0
478,478,4,20,20.0,150.0,50.0,0.0,220.0
479,479,4,20,20.0,150.0,50.0,0.0,220.0
480,480,4,20,20.0,150.0,50.0,0.0,220.0
481,481,4,20,20.0,150.0,50.0,0.0,220.0
482,482,4,20,20.0,150.0,50.0,0.0,220.0
483,483,4,20,20.0,150.0,50.0,0.0,220.0
484,484,4,20,20.0,150.0,50.0,0.0,220.0
485,485,4,20,20.0,150.0,50.0,0.0,220.0
486,486,4,20,20.0,150.0,50.0,0.0,220.0
487,487,4,20,20.0,150.0,50.0,0.0,220.0
488,488,4,20,20.0,150.0,50.0,0.0,220.0
489,489,4,20,20.0,150.0,50.0,0.0,220.0
490,490,4,20,20.0,150.0,50.0,0.0,220.0
491,491,4,20,20.0,150.0,50.0,0.0,220.0
492,492,4,20,20.0,150.0,50.0,0.0,220.0
493,493,4,20,20.0,150.0,50.0,0.0,220.0
494,494,4,20,20.0,150.0,50.0,0.0,220.0
495,495,4,20,20.0,150.0,50.0,0.0,220.0
496,496,4,20,20.0,150.0,50.0,0.0,220.0
497,497,4,20,20.0,150.0,50.0,0.0,220.0
498,498,4,20,20.0,150.0,50.0,0.0,220.0
499,499,4,20,20.0,150.0,50.0,0.0,220.0
500,500,4,20,20.0,150.0,50.0,0.0,220.0
501,501,4,20,20.0,150.0,50.0,0.0,220.0
502,502,4,20,20.0,150.0,50.0,0.0,220.0
503,503,4,20,20.0,150.0,50.0,0.0,220.0
504,504,4,20,20.0,150.0,50.0,0.0,220.0
505,505,4,20,20.0,150.0,50.0,0.0,220.0
506,506,4,20,20.0,150.0,50.0,0.0,220.0
507,507,4,20,20.0,150.0,50.0,0.0,220.0
508,508,4,20,20.0,150.0,50.0,0.0,220.0
509,509,4,20,20.0,150.0,50.0,0.0,220.0
510,510,4,20,20.0,150.0,50.0,0.0,220.0
511,511,4,20,20.0,150.0,50.0,0.0,220.0
512,512,4,20,20.0,150.0,50.0,0.0,220.0
513,513,4,20,20.0,150.0,50.0,0.0,220.0
514,514,4,20,20.0,150.0,50.0,0.0,220.0
515,515,4,20,20.0,150.0,50.0,0.0,220.0
516,516,4,20,20.0,150.0,50.0,0.0,220.0
517,517,4,20,20.0,150.0,50.0,0.0,220.0
518,518,4,20,20.0,150.0,50.0,0.0,220.0
519,519,4,20,20.0,150.0,50.0,0.0,220.0
520,520,4,20,20.0,150.0,50.0,0.0,220.0
521,521,4,20,20.0,150.0,50.0,0.0,220.0
522,522,4,20,20.0,150.0,50.0,0.0,220.0
523,523,4,20,20.0,150.0,50.0,0.0,220.0
524,524,4,20,20.0,150.0,50.0,0.0,220.0
525,525,4,20,20.0,150.0,50.0,0.0,220.0
526,526,4,20,20.0,150.0,50.0,0.0,220.0
527,527,4,20,20.0,150.0,50.0,0.0,220.0
528,528,4,20,20.0,150.0,50.0,0.0,220.0
529,529,4,20,20.0,150.0,50.0,0.0,220.0
530,530,4,20,20.0,150.0,50.0,0.0,220.0
531,531,4,20,20.0,150.0,50.0,0.0,220.0
532,532,4,20,20.0,150.0,50.0,0.0,220.0
533,533,4,20,20.0,150.0,50.0,0.0,220.0
534,534,4,20,20.0,150.0,50.0,0.0,220.0
535,535,4,20,20.0,150.0,50.0,0.0,220.0
536,536,4,20,20.0,150.0,50.0,0.0,220.0
537,537,4,20,20.0,150.0,50.0,0.0,220.0
538,538,4,20,20.0,150.0,50.0,0.0,220.0
539,539,4,20,20.0,150.0,50.0,0.0,220.0
540,540,4,20,20.0,150.0,50.0,0.0,220.0
541,541,4,20,20.0,150.0,50.0,0.0,220.0
542,542,4,20,20.0,150.0,50.0,0.0,220.0
543,543,4,20,20.0,150.0,50.0,0.0,220.0
544,544,4,20,20.0,150.0,50.0,0.0,220.0
545,545,4,20,20.0,150.0,50.0,0.0,220.0
546,546,4,20,20.0,150.0,50.0,0.0,220.0
547,547,4,20,20.0,150.0,50.0,0.0,220.0
548,548,4,20,20.0,150.0,50.0,0.0,220.0
549,549,4,20,20.0,150.0,50.0,0.0,220.0
550,550,4,20,20.0,150.0,50.0,0.0,220.0
551,551,4,20,20.0,150.0,50.0,0.0,220.0
552,552,4,20,20.0,150.0,50.0,0.0,220.0
553,553,4,20,20.0,150.0,50.0,0.0,220.0
554,554,4,20,20.0,150.0,50.0,0.0,220.0
555,555,4,20,20.0,150.0,50.0,0.0,220.0
556,556,4,20,20.0,150.0,50.0,0.0,220.0
557,557,4,20,20.0,150.0,50.0,0.0,220.0
558,558,4,20,20.0,150.0,50.0,0.0,220.0
559,559,4,20,20.0,150.0,50.0,0.0,220.0
560,560,4,20,20.0,150.0,50.0,0.0,220.0
561,561,4,20,20.0,150.0,50.0,0.0,220.0
562,562,4,20,20.0,150.0,50.0,0.0,220.0
563,563,4,20,20.0,150.0,50.0,0.0,220.0
564,564,4,20,20.0,150.0,50.0,0.0,220.0
565,565,4,20,20.0,150.0,50.0,0.0,220.0
566,566,4,20,20.0,150.0,50.0,0.0,220.0
567,567,4,20,20.0,150.0,50.0,0.0,220.0
568,568,4,20,20.0,150.0,50.0,0.0,220.0
569,569,4,20,20.0,150.0,50.0,0.0,220.0
570,570,4,20,20.0,150.0,50.0,0.0,220.0
571,571,4,20,20.0,150.0,50.0,0.0,220.0
572,572,4,20,20.0,150.0,50.0,0.0,220.0
573,573,4,20,20.0,150.0,50.0,0.0,220.0
574,574,4,20,20.0,150.0,50.0,0.0,220.0
575,575,4,20,20.0,150.0,50.0,0.0,220.0
576,576,4,20,20.0,150.0,50.0,0.0,220.0
577,577,4,20,20.0,150.0,50.0,0.0,220.0
578,578,4,20,20.0,150.0,50.0,0.0,220.0
579,579,4,20,20.0,150.0,50.0,0.0,220.0
580,580,4,20,20.0,150.0,50.0,0.0,220.0
581,581,4,20,20.0,150.0,50.0,0.0,220.0
582,582,4,20,20.0,150.0,50.0,0.0,220.0
583,583,4,20,20.0,150.0,50.0,0.0,220.0
584,584,4,20,20.0,150.0,50.0,0.0,220.0
585,585,4,20,20.0,150.0,50.0,0.0,220.0
586,586,4,20,20.0,150.0,50.0,0.0,220.0
587,587,4,20,20.0,150.0,50.0,0.0,220.0
588,588,4,20,20.0,150.0,50.0,0.0,220.0
589,589,4,20,20.0,150.0,50.0,0.0,220.0
590,590,4,20,20.0,150.0,50.0,0.0,220.0
591,591,4,20,20.0,150.0,50.0,0.0,220.0
592,592,4,20,20.0,150.0,50.0,0.0,220.0
593,593,4,20,20.0,150.0,50.0,0.0,220.0
594,594,4,20,20.0,150.0,50.0,0.0,220.0
595,595,4,20,20.0,150.0,50.0,0.0,220.0
596,596,4,20,20.0,150.0,50.0,0.0,220.0
597,597,4,20,20.0,150.0,50.0,0.0,220.0
598,598,4,20,20.0,150.0,50.0,0.0,220.0
599,599,4,20,20.0,150.0,50.0,0.0,220.0
600,600,4,20,20.0,150.0,50.0,0.0,220.0
601,601,4,20,20.0,150.0,50.0,0.0,220.0
602,602,4,20,20.0,150.0,50.0,0.0,220.0
603,603,4,20,20.0,150.0,50.0,0.0,220.0
604,604,4,20,20.0,150.0,50.0,0.0,220.0
605,605,4,20,20.0,150.0,50.0,0.0,220.0
606,606,4,20,20.0,150.0,50.0,0.0,220.0
607,607,4,20,20.0,150.0,50.0,0.0,220.0
608,608,4,20,20.0,150.0,50.0,0.0,220.0
609,609,4,20,20.0,150.0,50.0,0.0,220.0
610,610,4,20,20.0,150.0,50.0,0.0,220.0
611,611,4,20,20.0,150.0,50.0,0.0,220.0
612,612,4,20,20.0,150.0,50.0,0.0,220.0
613,613,4,20,20.0,150.0,50.0,0.0,220.0
614,614,4,20,20.0,150.0,50.0,0.0,220.0
615,615,4,20,20.0,150.0,50.0,0.0,220.0
616,616,4,20,20.0,150.0,50.0,0.0,220.0
617,617,64,80,20.0,150.0,50.0,0.0,220.0
618,618,64,80,20.0,150.0,50.0,0.0,220.0
619,619,64,80,20.0,150.0,50.0,0.0,220.0
620,620,64,80,20.0,150.0,50.0,0.0,220.0
621,621,64,80,20.0,150.0,50.0,0.0,220.0
622,622,64,80,20.0,150.0,50.0,0.0,220.0
623,623,64,80,20.0,150.0,50.0,0.0,220.0
624,624,64,80,20.0,150.0,50.0,0.0,220.0
625,625,64,80,20.0,150.0,50.0,0.0,220.0
626,626,64,80,20.0,150.0,50.0,0.0,220.0
627,627,64,80,20.0,150.0,50.0,0.0,220.0
628,628,64,80,20.0,150.0,50.0,0.0,220.0
629,629,64,80,20.0,150.0,50.0,0.0,220.0
630,630,64,80,20.0,150.0,50.0,0.0,220.0
631,631,64,80,20.0,150.0,50.0,0.0,220.0
632,632,64,80,20.0,150.0,50.0,0.0,220.0
