flit_id,cmd,addr,payload_bytes,flit_size_bytes,transmitted_bytes,padding_bytes,packing_efficiency_percent,packing_overhead_percent,ack,nak,measured_transmission_ns,measured_accumulation_ns,measured_total_link_ns,theoretical_total_link_ns,error_percent,target_to_conv_ns,host_send_to_ack_ns,host_req_to_ack_ns
1,WRITE,0x0,4,256,256,252,1.5625,98.4375,1,0,10.0,0.0,10.0,10.0,0.0,0.0,10.0,12.337
2,WRITE,0x4,4,256,256,252,1.5625,98.4375,1,0,10.0,0.0,10.0,10.0,0.0,0.0,10.0,12.006
3,WRITE,0x8,4,256,256,252,1.5625,98.4375,1,0,10.0,0.0,10.0,10.0,0.0,0.0,10.0,12.342
4,WRITE,0xc,4,256,256,252,1.5625,98.4375,1,0,10.0,0.0,10.0,10.0,0.0,0.0,10.0,12.011
5,WRITE,0x10,4,256,256,252,1.5625,98.4375,1,0,10.0,0.0,10.0,10.0,0.0,0.0,10.0,12.347
6,WRITE,0x14,4,256,256,252,1.5625,98.4375,1,0,10.0,0.0,10.0,10.0,0.0,0.0,10.0,12.016
7,WRITE,0x18,4,256,256,252,1.5625,98.4375,1,0,10.0,0.0,10.0,10.0,0.0,0.0,10.0,12.352
8,WRITE,0x1c,4,256,256,252,1.5625,98.4375,1,0,10.0,0.0,10.0,10.0,0.0,0.0,10.0,12.021
9,WRITE,0x20,4,256,256,252,1.5625,98.4375,1,0,10.0,0.0,10.0,10.0,0.0,0.0,10.0,12.357
10,WRITE,0x24,4,256,256,252,1.5625,98.4375,1,0,10.0,0.0,10.0,10.0,0.0,0.0,10.0,12.026
11,WRITE,0x28,4,256,256,252,1.5625,98.4375,1,0,10.0,0.0,10.0,10.0,0.0,0.0,10.0,12.362
12,WRITE,0x2c,4,256,256,252,1.5625,98.4375,1,0,10.0,0.0,10.0,10.0,0.0,0.0,10.0,12.031
13,WRITE,0x30,4,256,256,252,1.5625,98.4375,1,0,10.0,0.0,10.0,10.0,0.0,0.0,10.0,12.367
14,WRITE,0x34,4,256,256,252,1.5625,98.4375,1,0,10.0,0.0,10.0,10.0,0.0,0.0,10.0,12.036
15,WRITE,0x38,4,256,256,252,1.5625,98.4375,1,0,10.0,0.0,10.0,10.0,0.0,0.0,10.0,12.372
16,WRITE,0x3c,4,256,256,252,1.5625,98.4375,1,0,10.0,0.0,10.0,10.0,0.0,0.0,10.0,12.041
17,WRITE,0x1000,4,256,256,252,1.5625,98.4375,1,0,10.0,0.0,10.0,10.0,0.0,0.0,10.0,12.17
18,READ,0x1004,4,256,256,252,1.5625,98.4375,1,0,10.0,0.0,10.0,10.0,0.0,0.0,10.0,12.003
19,READ,0x0,4,256,256,252,1.5625,98.4375,1,0,10.0,0.0,10.0,10.0,0.0,0.0,10.0,12.503
20,READ,0x4,4,256,256,252,1.5625,98.4375,1,0,10.0,0.0,10.0,10.0,0.0,0.0,10.0,12.172
21,READ,0x8,4,256,256,252,1.5625,98.4375,1,0,10.0,0.0,10.0,10.0,0.0,0.0,10.0,12.508
22,READ,0xc,4,256,256,252,1.5625,98.4375,1,0,10.0,0.0,10.0,10.0,0.0,0.0,10.0,12.177
23,READ,0x10,4,256,256,252,1.5625,98.4375,1,0,10.0,0.0,10.0,10.0,0.0,0.0,10.0,12.513
24,READ,0x14,4,256,256,252,1.5625,98.4375,1,0,10.0,0.0,10.0,10.0,0.0,0.0,10.0,12.182
25,READ,0x18,4,256,256,252,1.5625,98.4375,1,0,10.0,0.0,10.0,10.0,0.0,0.0,10.0,12.518
26,READ,0x1c,4,256,256,252,1.5625,98.4375,1,0,10.0,0.0,10.0,10.0,0.0,0.0,10.0,12.187
27,READ,0x20,4,256,256,252,1.5625,98.4375,1,0,10.0,0.0,10.0,10.0,0.0,0.0,10.0,12.523
28,READ,0x24,4,256,256,252,1.5625,98.4375,1,0,10.0,0.0,10.0,10.0,0.0,0.0,10.0,12.192
29,READ,0x28,4,256,256,252,1.5625,98.4375,1,0,10.0,0.0,10.0,10.0,0.0,0.0,10.0,12.528
30,READ,0x2c,4,256,256,252,1.5625,98.4375,1,0,10.0,0.0,10.0,10.0,0.0,0.0,10.0,12.197
31,READ,0x30,4,256,256,252,1.5625,98.4375,1,0,10.0,0.0,10.0,10.0,0.0,0.0,10.0,12.533
32,READ,0x34,4,256,256,252,1.5625,98.4375,1,0,10.0,0.0,10.0,10.0,0.0,0.0,10.0,12.202
33,READ,0x38,4,256,256,252,1.5625,98.4375,1,0,10.0,0.0,10.0,10.0,0.0,0.0,10.0,12.538
34,READ,0x3c,4,256,256,252,1.5625,98.4375,1,0,10.0,0.0,10.0,10.0,0.0,0.0,10.0,12.207
35,READ,0x0,4,256,256,252,1.5625,98.4375,1,0,10.0,0.0,10.0,10.0,0.0,0.0,10.0,12.336
36,READ,0x4,4,256,256,252,1.5625,98.4375,1,0,10.0,0.0,10.0,10.0,0.0,0.0,10.0,12.005
37,READ,0x8,4,256,256,252,1.5625,98.4375,1,0,10.0,0.0,10.0,10.0,0.0,0.0,10.0,12.341
38,READ,0xc,4,256,256,252,1.5625,98.4375,1,0,10.0,0.0,10.0,10.0,0.0,0.0,10.0,12.01
39,READ,0x10,4,256,256,252,1.5625,98.4375,1,0,10.0,0.0,10.0,10.0,0.0,0.0,10.0,12.346
40,READ,0x14,4,256,256,252,1.5625,98.4375,1,0,10.0,0.0,10.0,10.0,0.0,0.0,10.0,12.015
41,READ,0x18,4,256,256,252,1.5625,98.4375,1,0,10.0,0.0,10.0,10.0,0.0,0.0,10.0,12.351
42,READ,0x1c,4,256,256,252,1.5625,98.4375,1,0,10.0,0.0,10.0,10.0,0.0,0.0,10.0,12.02
43,READ,0x20,4,256,256,252,1.5625,98.4375,1,0,10.0,0.0,10.0,10.0,0.0,0.0,10.0,12.356
44,READ,0x24,4,256,256,252,1.5625,98.4375,1,0,10.0,0.0,10.0,10.0,0.0,0.0,10.0,12.025
45,READ,0x28,4,256,256,252,1.5625,98.4375,1,0,10.0,0.0,10.0,10.0,0.0,0.0,10.0,12.361
46,READ,0x2c,4,256,256,252,1.5625,98.4375,1,0,10.0,0.0,10.0,10.0,0.0,0.0,10.0,12.03
47,READ,0x30,4,256,256,252,1.5625,98.4375,1,0,10.0,0.0,10.0,10.0,0.0,0.0,10.0,12.366
48,READ,0x34,4,256,256,252,1.5625,98.4375,1,0,10.0,0.0,10.0,10.0,0.0,0.0,10.0,12.035
49,READ,0x38,4,256,256,252,1.5625,98.4375,1,0,10.0,0.0,10.0,10.0,0.0,0.0,10.0,12.371
50,READ,0x3c,4,256,256,252,1.5625,98.4375,1,0,10.0,0.0,10.0,10.0,0.0,0.0,10.0,12.04
51,READ,0x0,4,256,256,252,1.5625,98.4375,1,0,10.0,0.0,10.0,10.0,0.0,0.0,10.0,12.169
52,READ,0x4,4,256,256,252,1.5625,98.4375,1,0,10.0,0.0,10.0,10.0,0.0,0.0,10.0,12.505
53,READ,0x8,4,256,256,252,1.5625,98.4375,1,0,10.0,0.0,10.0,10.0,0.0,0.0,10.0,12.174
54,READ,0xc,4,256,256,252,1.5625,98.4375,1,0,10.0,0.0,10.0,10.0,0.0,0.0,10.0,12.51
55,READ,0x10,4,256,256,252,1.5625,98.4375,1,0,10.0,0.0,10.0,10.0,0.0,0.0,10.0,12.179
56,READ,0x14,4,256,256,252,1.5625,98.4375,1,0,10.0,0.0,10.0,10.0,0.0,0.0,10.0,12.515
57,READ,0x18,4,256,256,252,1.5625,98.4375,1,0,10.0,0.0,10.0,10.0,0.0,0.0,10.0,12.184
58,READ,0x1c,4,256,256,252,1.5625,98.4375,1,0,10.0,0.0,10.0,10.0,0.0,0.0,10.0,12.52
59,READ,0x20,4,256,256,252,1.5625,98.4375,1,0,10.0,0.0,10.0,10.0,0.0,0.0,10.0,12.189
60,READ,0x24,4,256,256,252,1.5625,98.4375,1,0,10.0,0.0,10.0,10.0,0.0,0.0,10.0,12.525
61,READ,0x28,4,256,256,252,1.5625,98.4375,1,0,10.0,0.0,10.0,10.0,0.0,0.0,10.0,12.194
62,READ,0x2c,4,256,256,252,1.5625,98.4375,1,0,10.0,0.0,10.0,10.0,0.0,0.0,10.0,12.53
63,READ,0x30,4,256,256,252,1.5625,98.4375,1,0,10.0,0.0,10.0,10.0,0.0,0.0,10.0,12.199
64,READ,0x34,4,256,256,252,1.5625,98.4375,1,0,10.0,0.0,10.0,10.0,0.0,0.0,10.0,12.535
65,READ,0x38,4,256,256,252,1.5625,98.4375,1,0,10.0,0.0,10.0,10.0,0.0,0.0,10.0,12.204
66,READ,0x3c,4,256,256,252,1.5625,98.4375,1,0,10.0,0.0,10.0,10.0,0.0,0.0,10.0,12.54
67,READ,0x0,4,256,256,252,1.5625,98.4375,1,0,10.0,0.0,10.0,10.0,0.0,0.0,10.0,12.002
68,READ,0x4,4,256,256,252,1.5625,98.4375,1,0,10.0,0.0,10.0,10.0,0.0,0.0,10.0,12.338
69,READ,0x8,4,256,256,252,1.5625,98.4375,1,0,10.0,0.0,10.0,10.0,0.0,0.0,10.0,12.007
70,READ,0xc,4,256,256,252,1.5625,98.4375,1,0,10.0,0.0,10.0,10.0,0.0,0.0,10.0,12.343
71,READ,0x10,4,256,256,252,1.5625,98.4375,1,0,10.0,0.0,10.0,10.0,0.0,0.0,10.0,12.012
72,READ,0x14,4,256,256,252,1.5625,98.4375,1,0,10.0,0.0,10.0,10.0,0.0,0.0,10.0,12.348
73,READ,0x18,4,256,256,252,1.5625,98.4375,1,0,10.0,0.0,10.0,10.0,0.0,0.0,10.0,12.017
74,READ,0x1c,4,256,256,252,1.5625,98.4375,1,0,10.0,0.0,10.0,10.0,0.0,0.0,10.0,12.353
75,READ,0x20,4,256,256,252,1.5625,98.4375,1,0,10.0,0.0,10.0,10.0,0.0,0.0,10.0,12.022
76,READ,0x24,4,256,256,252,1.5625,98.4375,1,0,10.0,0.0,10.0,10.0,0.0,0.0,10.0,12.358
77,READ,0x28,4,256,256,252,1.5625,98.4375,1,0,10.0,0.0,10.0,10.0,0.0,0.0,10.0,12.027
78,READ,0x2c,4,256,256,252,1.5625,98.4375,1,0,10.0,0.0,10.0,10.0,0.0,0.0,10.0,12.363
79,READ,0x30,4,256,256,252,1.5625,98.4375,1,0,10.0,0.0,10.0,10.0,0.0,0.0,10.0,12.032
80,READ,0x34,4,256,256,252,1.5625,98.4375,1,0,10.0,0.0,10.0,10.0,0.0,0.0,10.0,12.368
81,READ,0x38,4,256,256,252,1.5625,98.4375,1,0,10.0,0.0,10.0,10.0,0.0,0.0,10.0,12.037
82,READ,0x3c,4,256,256,252,1.5625,98.4375,1,0,10.0,0.0,10.0,10.0,0.0,0.0,10.0,12.373
83,READ,0x0,4,256,256,252,1.5625,98.4375,1,0,10.0,0.0,10.0,10.0,0.0,0.0,10.0,12.502
84,READ,0x4,4,256,256,252,1.5625,98.4375,1,0,10.0,0.0,10.0,10.0,0.0,0.0,10.0,12.171
85,READ,0x8,4,256,256,252,1.5625,98.4375,1,0,10.0,0.0,10.0,10.0,0.0,0.0,10.0,12.507
86,READ,0xc,4,256,256,252,1.5625,98.4375,1,0,10.0,0.0,10.0,10.0,0.0,0.0,10.0,12.176
87,READ,0x10,4,256,256,252,1.5625,98.4375,1,0,10.0,0.0,10.0,10.0,0.0,0.0,10.0,12.512
88,READ,0x14,4,256,256,252,1.5625,98.4375,1,0,10.0,0.0,10.0,10.0,0.0,0.0,10.0,12.181
89,READ,0x18,4,256,256,252,1.5625,98.4375,1,0,10.0,0.0,10.0,10.0,0.0,0.0,10.0,12.517
90,READ,0x1c,4,256,256,252,1.5625,98.4375,1,0,10.0,0.0,10.0,10.0,0.0,0.0,10.0,12.186
91,READ,0x20,4,256,256,252,1.5625,98.4375,1,0,10.0,0.0,10.0,10.0,0.0,0.0,10.0,12.522
92,READ,0x24,4,256,256,252,1.5625,98.4375,1,0,10.0,0.0,10.0,10.0,0.0,0.0,10.0,12.191
93,READ,0x28,4,256,256,252,1.5625,98.4375,1,0,10.0,0.0,10.0,10.0,0.0,0.0,10.0,12.527
94,READ,0x2c,4,256,256,252,1.5625,98.4375,1,0,10.0,0.0,10.0,10.0,0.0,0.0,10.0,12.196
95,READ,0x30,4,256,256,252,1.5625,98.4375,1,0,10.0,0.0,10.0,10.0,0.0,0.0,10.0,12.532
96,READ,0x34,4,256,256,252,1.5625,98.4375,1,0,10.0,0.0,10.0,10.0,0.0,0.0,10.0,12.201
97,READ,0x38,4,256,256,252,1.5625,98.4375,1,0,10.0,0.0,10.0,10.0,0.0,0.0,10.0,12.537
98,READ,0x3c,4,256,256,252,1.5625,98.4375,1,0,10.0,0.0,10.0,10.0,0.0,0.0,10.0,12.206
99,READ,0x0,4,256,256,252,1.5625,98.4375,1,0,10.0,0.0,10.0,10.0,0.0,0.0,10.0,12.335
100,READ,0x4,4,256,256,252,1.5625,98.4375,1,0,10.0,0.0,10.0,10.0,0.0,0.0,10.0,12.004
101,READ,0x8,4,256,256,252,1.5625,98.4375,1,0,10.0,0.0,10.0,10.0,0.0,0.0,10.0,12.34
102,READ,0xc,4,256,256,252,1.5625,98.4375,1,0,10.0,0.0,10.0,10.0,0.0,0.0,10.0,12.009
103,READ,0x10,4,256,256,252,1.5625,98.4375,1,0,10.0,0.0,10.0,10.0,0.0,0.0,10.0,12.345
104,READ,0x14,4,256,256,252,1.5625,98.4375,1,0,10.0,0.0,10.0,10.0,0.0,0.0,10.0,12.014
105,READ,0x18,4,256,256,252,1.5625,98.4375,1,0,10.0,0.0,10.0,10.0,0.0,0.0,10.0,12.35
106,READ,0x1c,4,256,256,252,1.5625,98.4375,1,0,10.0,0.0,10.0,10.0,0.0,0.0,10.0,12.019
107,READ,0x20,4,256,256,252,1.5625,98.4375,1,0,10.0,0.0,10.0,10.0,0.0,0.0,10.0,12.355
108,READ,0x24,4,256,256,252,1.5625,98.4375,1,0,10.0,0.0,10.0,10.0,0.0,0.0,10.0,12.024
109,READ,0x28,4,256,256,252,1.5625,98.4375,1,0,10.0,0.0,10.0,10.0,0.0,0.0,10.0,12.36
110,READ,0x2c,4,256,256,252,1.5625,98.4375,1,0,10.0,0.0,10.0,10.0,0.0,0.0,10.0,12.029
111,READ,0x30,4,256,256,252,1.5625,98.4375,1,0,10.0,0.0,10.0,10.0,0.0,0.0,10.0,12.365
112,READ,0x34,4,256,256,252,1.5625,98.4375,1,0,10.0,0.0,10.0,10.0,0.0,0.0,10.0,12.034
113,READ,0x38,4,256,256,252,1.5625,98.4375,1,0,10.0,0.0,10.0,10.0,0.0,0.0,10.0,12.37
114,READ,0x3c,4,256,256,252,1.5625,98.4375,1,0,10.0,0.0,10.0,10.0,0.0,0.0,10.0,12.039
115,READ,0x0,4,256,256,252,1.5625,98.4375,1,0,10.0,0.0,10.0,10.0,0.0,0.0,10.0,12.168
116,READ,0x4,4,256,256,252,1.5625,98.4375,1,0,10.0,0.0,10.0,10.0,0.0,0.0,10.0,12.504
117,READ,0x8,4,256,256,252,1.5625,98.4375,1,0,10.0,0.0,10.0,10.0,0.0,0.0,10.0,12.173
118,READ,0xc,4,256,256,252,1.5625,98.4375,1,0,10.0,0.0,10.0,10.0,0.0,0.0,10.0,12.509
119,READ,0x10,4,256,256,252,1.5625,98.4375,1,0,10.0,0.0,10.0,10.0,0.0,0.0,10.0,12.178
120,READ,0x14,4,256,256,252,1.5625,98.4375,1,0,10.0,0.0,10.0,10.0,0.0,0.0,10.0,12.514
121,READ,0x18,4,256,256,252,1.5625,98.4375,1,0,10.0,0.0,10.0,10.0,0.0,0.0,10.0,12.183
122,READ,0x1c,4,256,256,252,1.5625,98.4375,1,0,10.0,0.0,10.0,10.0,0.0,0.0,10.0,12.519
123,READ,0x20,4,256,256,252,1.5625,98.4375,1,0,10.0,0.0,10.0,10.0,0.0,0.0,10.0,12.188
124,READ,0x24,4,256,256,252,1.5625,98.4375,1,0,10.0,0.0,10.0,10.0,0.0,0.0,10.0,12.524
125,READ,0x28,4,256,256,252,1.5625,98.4375,1,0,10.0,0.0,10.0,10.0,0.0,0.0,10.0,12.193
126,READ,0x2c,4,256,256,252,1.5625,98.4375,1,0,10.0,0.0,10.0,10.0,0.0,0.0,10.0,12.529
127,READ,0x30,4,256,256,252,1.5625,98.4375,1,0,10.0,0.0,10.0,10.0,0.0,0.0,10.0,12.198
128,READ,0x34,4,256,256,252,1.5625,98.4375,1,0,10.0,0.0,10.0,10.0,0.0,0.0,10.0,12.534
129,READ,0x38,4,256,256,252,1.5625,98.4375,1,0,10.0,0.0,10.0,10.0,0.0,0.0,10.0,12.203
130,READ,0x3c,4,256,256,252,1.5625,98.4375,1,0,10.0,0.0,10.0,10.0,0.0,0.0,10.0,12.539
